{
  "train_loss": [
    0.5226451344966888,
    0.4183760998725891,
    0.34961331036090854,
    0.2850701099514961,
    0.2273979462981224
  ],
  "train_accuracy": [
    0.734725,
    0.8098,
    0.8473,
    0.8817,
    0.9097
  ],
  "val_loss": [
    0.49618969049453737,
    0.4886785400390625,
    0.4916934420108795,
    0.5330097285747528,
    0.6182322957992553
  ],
  "val_accuracy": [
    0.7532,
    0.7672,
    0.7698,
    0.7708,
    0.7554
  ],
  "val_f1": [
    0.6200738866946276,
    0.668564915276183,
    0.6751340621746474,
    0.6651081189205544,
    0.6792551746553007
  ]
}